source,target,edge_dttm
1251271040866582529,1076190575311970304,2022-06-22 21:04:28.083402+00:00
1213836511306608641,1076190575311970304,2022-06-22 21:04:28.083402+00:00
2254799006,109592592,2022-06-22 21:04:28.083402+00:00
380600484,109592592,2022-06-22 21:04:28.083402+00:00
1371101612765249546,1213836511306608641,2022-06-22 21:04:28.083402+00:00
1251271040866582529,1213836511306608641,2022-06-22 21:04:28.083402+00:00
1076190575311970304,1213836511306608641,2022-06-22 21:04:28.083402+00:00
623935602,1240252237496139776,2022-06-22 21:04:28.083402+00:00
109592592,1240252237496139776,2022-06-22 21:04:28.083402+00:00
3049972011,1240252237496139776,2022-06-22 21:04:28.083402+00:00
2254799006,1240252237496139776,2022-06-22 21:04:28.083402+00:00
132932087,1240252237496139776,2022-06-22 21:04:28.083402+00:00
81674268,1240252237496139776,2022-06-22 21:04:28.083402+00:00
414638444,1240252237496139776,2022-06-22 21:04:28.083402+00:00
3996860741,1240252237496139776,2022-06-22 21:04:28.083402+00:00
70992240,1240252237496139776,2022-06-22 21:04:28.083402+00:00
759086769878994944,1240252237496139776,2022-06-22 21:04:28.083402+00:00
380600484,1240252237496139776,2022-06-22 21:04:28.083402+00:00
1076190575311970304,1251271040866582529,2022-06-22 21:04:28.083402+00:00
3996860741,132932087,2022-06-22 21:04:28.083402+00:00
759086769878994944,132932087,2022-06-22 21:04:28.083402+00:00
492421400,132932087,2022-06-22 21:04:28.083402+00:00
728544613947019264,132932087,2022-06-22 21:04:28.083402+00:00
1213836511306608641,1371101612765249546,2022-06-22 21:04:28.083402+00:00
1251271040866582529,1371101612765249546,2022-06-22 21:04:28.083402+00:00
1076190575311970304,1371101612765249546,2022-06-22 21:04:28.083402+00:00
2254799006,193347966,2022-06-22 21:04:28.083402+00:00
213131653,193347966,2022-06-22 21:04:28.083402+00:00
380600484,193347966,2022-06-22 21:04:28.083402+00:00
3049972011,193347966,2022-06-22 21:04:28.083402+00:00
2254799006,213131653,2022-06-22 21:04:28.083402+00:00
4084752742,213131653,2022-06-22 21:04:28.083402+00:00
492421400,213131653,2022-06-22 21:04:28.083402+00:00
3049972011,213131653,2022-06-22 21:04:28.083402+00:00
193347966,213131653,2022-06-22 21:04:28.083402+00:00
70992240,213131653,2022-06-22 21:04:28.083402+00:00
380600484,213131653,2022-06-22 21:04:28.083402+00:00
90038295,219350809,2022-06-22 21:04:28.083402+00:00
213131653,2254799006,2022-06-22 21:04:28.083402+00:00
380600484,2254799006,2022-06-22 21:04:28.083402+00:00
759086769878994944,2254799006,2022-06-22 21:04:28.083402+00:00
728544613947019264,2254799006,2022-06-22 21:04:28.083402+00:00
3049972011,2254799006,2022-06-22 21:04:28.083402+00:00
3996860741,3049972011,2022-06-22 21:04:28.083402+00:00
771543750,3049972011,2022-06-22 21:04:28.083402+00:00
4084752742,3049972011,2022-06-22 21:04:28.083402+00:00
213131653,3049972011,2022-06-22 21:04:28.083402+00:00
2254799006,3049972011,2022-06-22 21:04:28.083402+00:00
2254799006,380600484,2022-06-22 21:04:28.083402+00:00
1240252237496139776,380600484,2022-06-22 21:04:28.083402+00:00
414638444,380600484,2022-06-22 21:04:28.083402+00:00
193347966,380600484,2022-06-22 21:04:28.083402+00:00
492421400,380600484,2022-06-22 21:04:28.083402+00:00
728544613947019264,380600484,2022-06-22 21:04:28.083402+00:00
759086769878994944,380600484,2022-06-22 21:04:28.083402+00:00
4084752742,380600484,2022-06-22 21:04:28.083402+00:00
3049972011,380600484,2022-06-22 21:04:28.083402+00:00
109592592,380600484,2022-06-22 21:04:28.083402+00:00
213131653,380600484,2022-06-22 21:04:28.083402+00:00
132932087,3996860741,2022-06-22 21:04:28.083402+00:00
213131653,4084752742,2022-06-22 21:04:28.083402+00:00
492421400,4084752742,2022-06-22 21:04:28.083402+00:00
1240252237496139776,4084752742,2022-06-22 21:04:28.083402+00:00
2254799006,4084752742,2022-06-22 21:04:28.083402+00:00
728544613947019264,4084752742,2022-06-22 21:04:28.083402+00:00
771543750,4084752742,2022-06-22 21:04:28.083402+00:00
3049972011,4084752742,2022-06-22 21:04:28.083402+00:00
81674268,4084752742,2022-06-22 21:04:28.083402+00:00
380600484,4084752742,2022-06-22 21:04:28.083402+00:00
1240252237496139776,414638444,2022-06-22 21:04:28.083402+00:00
380600484,414638444,2022-06-22 21:04:28.083402+00:00
414638444,492421400,2022-06-22 21:04:28.083402+00:00
213131653,492421400,2022-06-22 21:04:28.083402+00:00
2254799006,492421400,2022-06-22 21:04:28.083402+00:00
1240252237496139776,492421400,2022-06-22 21:04:28.083402+00:00
771543750,492421400,2022-06-22 21:04:28.083402+00:00
132932087,492421400,2022-06-22 21:04:28.083402+00:00
380600484,492421400,2022-06-22 21:04:28.083402+00:00
728544613947019264,492421400,2022-06-22 21:04:28.083402+00:00
759086769878994944,492421400,2022-06-22 21:04:28.083402+00:00
3049972011,492421400,2022-06-22 21:04:28.083402+00:00
4084752742,492421400,2022-06-22 21:04:28.083402+00:00
2254799006,728544613947019264,2022-06-22 21:04:28.083402+00:00
1240252237496139776,728544613947019264,2022-06-22 21:04:28.083402+00:00
3049972011,728544613947019264,2022-06-22 21:04:28.083402+00:00
492421400,728544613947019264,2022-06-22 21:04:28.083402+00:00
380600484,728544613947019264,2022-06-22 21:04:28.083402+00:00
132932087,728544613947019264,2022-06-22 21:04:28.083402+00:00
759086769878994944,728544613947019264,2022-06-22 21:04:28.083402+00:00
1240252237496139776,759086769878994944,2022-06-22 21:04:28.083402+00:00
2254799006,759086769878994944,2022-06-22 21:04:28.083402+00:00
492421400,759086769878994944,2022-06-22 21:04:28.083402+00:00
3049972011,759086769878994944,2022-06-22 21:04:28.083402+00:00
728544613947019264,759086769878994944,2022-06-22 21:04:28.083402+00:00
380600484,759086769878994944,2022-06-22 21:04:28.083402+00:00
132932087,759086769878994944,2022-06-22 21:04:28.083402+00:00
492421400,771543750,2022-06-22 21:04:28.083402+00:00
3049972011,771543750,2022-06-22 21:04:28.083402+00:00
728544613947019264,771543750,2022-06-22 21:04:28.083402+00:00
4084752742,771543750,2022-06-22 21:04:28.083402+00:00
213131653,771543750,2022-06-22 21:04:28.083402+00:00
1240252237496139776,81674268,2022-06-22 21:04:28.083402+00:00
219350809,90038295,2022-06-22 21:04:28.083402+00:00
